Clone,CDRH3,protein sequence
"T3.1.M13-27R
",DPIPWVTSALGY,EVQLVESGGDLVKPAGSLRLSCVASGFTFSGYGMNWVRQAPGKGLQWVAGINSGGTTGYADAVKGRFTISRDNAKNTVYLQMNSLTAEDTAVYYCAKDPIPWVTSALGYWGQGTLVTVSSEGKSSGASGESKVDDASYVLTQLPSVSVHLGKTASITCEGNNIGDKYAHWYQQKPGQAPVLIINEDSKRPSGIPERFSGSNSGSTATLTISGXLAEDEADYYWQVWDSSTRAAVFGGGTHLTVLD
T3.2.M13-27R,DPIPWVTSALGY,EVQLVESGGDLVKPAGSLRLSCVASGFTFSGYGMNWVRQAPGKGLQWVAGINSGGTTGYADAVKGRFTISRDNAKNTVYLQMNSLTAEDTAVYYCAKDPIPWVTSALGYWGQGTLVTVSSEGKSSGASGESKVDDASYVLTQLPSVSVHLGKTASITCEGNNIGR
T3.3.M13-27R,DPIPWVTSALGY,EVQLVESGGDLVKPAGSLRLSCVASGFTFSGYGMNWVRQAPGKGLQWVAGINSGGTTGYADAVKGRFTISRDNAKNTVYLQMNSLTAEDTAVYYCAKDPIPWVTSALGYWGQGTLVTVSSEGKSSGASGESKVDDASYVLTQLPSVSVHLGKTASITCEGNNIGDKYAHWYQQKPGQAPVLIINEDSKRPSRIPERFSGSNSGSTATLTISGALDEDEADYYC
T3.4.M13-27R,DPIPWVTSALGY,EVQLVESGGDLVKPAGSLRLSCVASGFTFSGYGMNWVRQAPGKGLQWVAGINSGGTTGYADAVKGRFTISRDNAKNTVYLQMNSLTAEDTAVYYCAKDPIPWVTSALGYWGQGTLVTVSSEGKSSGASGESKVDDASYVLTQLPSVSVHLGKTASITCEGNNIGDKYAHWYQQKPGQAPVLIINEDSKRPSGIPERFSGSNSGSTATLTISGALVEDEAEYYCRVWHSRIRAAE
T3.5.M13-27R,DPIPWVTSALGY,EVQLVESGGDLVKPAGSLRLSCVASGFTFSGYGMNWVRQAPGKGLQWVAGINSGGTTGYADAVKGRFTISRDNAKNTVYLQMNSLTAEDTAVYYCAKDPIPWVTSALGYWGQGTLVTVSSEGKSSGASGESKVDDASYVLTQLPSVSVHLGKTASITCEGNNIGDKYAHWYQQKPGQAPVLIINEDSKRPSGIPERFSGSNSGSTATLTISGXLAEDEADYYCQVWDSSTRAAVFG
T3.6.M13-27R,DPIPWVTSALGY,EVQLVESGGDLVKPAGSLRLSCVASGFTFSGYGMNWVRQAPGKGLQWVAGINSGGTTGYADAVKGRFTISRDNAQNTVYLQMNSLTAEDTAVYYCAKDPIPWVTSALGYWGQGTLVTVSSEGKSSGASGESKVDDASYVLTQLPSVSVHLGKTASITCEGNNIGDKYAHWYQQKPGQDPVLIINED
T3.7.M13-27R,GGDDY,EVQLVESGGDLVKPGGSLRLSCVASGFTFSNYWMYWVRQAPGKGLQWVASINGDGSSTSYADAVKGRFTISRDNAKNTLFLQMNSLRAEDTAVYNCVKGGDDYWGPGTSLFVSSEGKSSGASGESKVDDAQSMLTQPASVSGSLGQKVTISCTGSSSNIGGNYVGWYQQLPGIGPRTVIYGNDYRPSGVPDRFSGSKSGSSATLTISGLQAEDEAEYYCSSWDDESRRSCVRRKHPPER
T3.8.M13-27R,GGDDY,EVQLVESGGDLVKPGGSLRLSCVASGFTFSNYWMYWVRQAPGKGLQWVASINGDGSSTSYADAVKGRFTISRDNAKNTLFLQMNSLRAEDTAVYNCVKGGDDYWGPGTSLFVSSEGKSSGASGESKVDDASYVLSQPPSATVTLRQTARLTCGGDRIGSKSVEWYQQKPGQPPVLIIYGDRSRPSGIPERFSGANSGNTATLTISGALAEDEADYYCQVWDSSTIVFGGGTHLTVLG
T3.9.M13-27R,DPIPWVTSALGY,EVQLVESGGDLVKPAGSLRLSCVASGFTFSGYGMNWVRQAPGKGLQWVAGINSGGTTGYADAVKGRFTISRDNAKNTVYLQMNSLTAEDTAVYYCAKDPIPWVTSALGYWGQGTLVTVSSEGKSSGASGESKVDDASYVLTQLPSVSVHLGKTASITCEGNNIGDKYAHWYQQKPGQAPVLIINEDSKRPSGIPERFSGSNSGSTATLTISGALAEDEADYYCQVWDSSTRAAVFGGGTHLTVLG
T3.11.M13-27R,DPIPWVTSALGY,EVQLVESGGDLVKPAGSLRLSCVASGFTFSGYGMNWVRQAPGKGLQWVAGINSGGTTGYADAVKGRFTISRDNAKNTVYLQMNSLTAEDTAVYYCAKDPIPWVTSALGYWGQGTLVTVSSEGKSSGASGESKVDDASYVLTQLPSVSVHLGKTASITCEGNNIGDKYAHWYQQKPGQAPVLIINEDSKRPSGIPERFSGSNSESTATLTISGALAEDEADYYCQVWDSSTRAAVFGGGTHLNVLG
T3.12.M13-27R,DPIPWVTSALGY,EVQLVESGGDLVKPAGSLRLSCVASGFTFSGYGMNWVRQAPGKGLQWVAGINSGGTTGYADAVKGRFTISRDNAKNTVYLQMNSLTAEDTAVYYCAKDPIPWVTSALGYWGQGTLVTVSSEGRSS
T3.13.M13-27R,GGDDY,EVQLVESGGDLVKPGGSLRLSCVASGFTFSNYWMYWVRQAPGKGLQWVASINGDGSSTSYADAVKGRFTISRDNAKNTLFLQMNSLRAEDTAVYNCVKGGDDYWGPGTSLFVSSEGKSSGASGESKVDDASYVLSQPPSATVTLRQTARLTCGGDSIGSKSVEWYQQKPGQPPVLIFYGDSGRPSGIPERFSGANSGNTATLTISGALAEDEADYYCQVWHSSTKAGVFGGGTHLTVLG
T3.15.M13-27R,DPIPWVTSALGY,EVQLVESGGDLVKPAGSLRLSCVASGFTFSGYGMNWVRQAPGKGLQWVAGINSGGTTGYADAVKGRFTISRDNAKNTVYLQMNSLTAEDTAVYYCAKDPIPWVTSALGYWGQGTLVTVSSEGKSSGASGESKVDDASYVLTQLPSVSVHLGKTASITCEGNNIGDKYAHWYQQKPGQAPVLIINEDSKRPSGIPERFSGSNSGSTATLTISGALAEDEADYYCQVWDSSTRAAVFXGGTHLTVLG
T3.16.M13-27R,DPIPWVTSALGY,EVQLVESGGDLVKPAGSLRLSCVASGFTFSGYGMNWVRQAPGKGLQWVAGINSGGTTGYADAVKGRFTISRDNAKNTVYLQMNSLTAEDTAVYYCAKDPIPWVTSALGYWGQGTLVTVSSEGKSSGASGESKVDDASYVLTQLPSVSVHLGKTASITCEGNN
T3.17.M13-27R,DPIPWVTSALGY,EVQLVESGGDLVKPAGSLRLSCVASGFTFSGYGMNWVRQAPGKGLQWVAGINSGGTTGYADAVKGRFTISRDNAKNTVYLQMNSLTAEDTAVYYCAKDPIPWVTSALGYWGQGTLVTVSSEGKSSGASGESKVDDASYVLTQLPSVSVHLGKTASITCEGNNIGDKYAHWYQQKPGQAPVLIINEDSKRPSGIPERFSGSNSGSTATLTISGALAEDEADYYCQVWDSSTRAAVFGGGTHLTVLG
T3.18.M13-27R,DPIPWVTSALGY,EVQLVESGGDLVKPAGSLRLSCVASGFTFSGYGMNWVRQAPGKGLQWVAGINSGGTTGYADAVKGRFTISRDNAKNTVYLQMNSLTAEDTAVYYCAKDPIPWVTSALGYWGQGTLVTVSSEGKSSGASGESKVDDASYVLTQLPSVSVHLGKTASITCEGNNIGDKYAHWYQQKPGQAPVLIINEDSKRPSGIPERFSGSNSGSTATLTISGALAEDEADYYCQV
T3.19.M13-27R,DPIPWVTSALGY,EVQLVESGGDLVKPAGSLRLSCVASGFTFSGYGMNWVRQAPGKGLQWVAGINSGGTTGYADAVKGRFTISRDNAKNTVYLQMNSLTAEDTAVYYCAKDPIPWVTSALGYWGQGTLVTVSSEGKSSGASGESKVDDASYVLTQLPSVSVHLGKTASITCEGNNIGDKYAHWYQQKPGQAPVLIINEDSKRPSGIPERFSGSNSWSTATLTISGALXED
T3.20.M13-27R,DPIPWVTSALGY,EVQLVESGGDLVKPAGSLRLSCVASGFTFSGYGMNWVRQAPGKGLQWVAGINSGGTTGYADAVKGRFTISRDNAKNTVYLQMNSLTAEDTAVYYCAKDPIPWVTSALGYWGQGTLVTVSSEGKSSGASGESKVDDASYVLTQL
T3.21.M13-27R,GGDDY,EVQLVESGGDLVKPGGSLRLSCVASGFTFSNYWMYWVRQAPGKGLQWVASINGDGSSTSYADAVKGRFTISRDNAKNTLFLQMNSLRAEDTAVYNCVKGGDDYWGPGTSLFVSSEGKSSGASGESKVDDASYVLSQPPSATVTLRQTARLTCGGDSIGSKSVEWYQQKPGQPPVLIFYGDSGRPSGIPERFSGANSGNTATLTISGALAEDEADYYCQVWHSSTKAGVFGGGTHLTVLG
T3.22.M13-27R,GGDDY,EVQLVESGGDLVKPGGSLRLSCVASGFTFSNYWMYWVRQAPGKGLQWVASINGDGSSTSYADAVKGRFTISRDNAKNTLFLQMNSLRAEDTAVYNCVKGGDDYWGPGTSLFVSSEGKSSGASGESKVDDAQSMLTQPASVSGSLGQKVTISCTGSSSNIGGNYVGWYQQLPGIGPRTVIYGNDYRPSGVPDRF
T3.23.M13-27R,DPIPWVTSALGY,EVQLVESGGDLVKPAGSLRLSCVASGFTFSGYGMNWVRQAPGKGLQWVAGINSGGTTGYADAVKGRFTISRDNAKNTVYLQMNSLTAEDTAVYYCAKDPIPWVTSALGYWGQGTLVTVSSEGKSSGASGESKVDDASYVLTQLPSVSVHLGKTASITCEGNNIGDKYA
T3.24.M13-27R,DPIPWVTSALGY,EVQLVESGGDLVKPAGSLRLSCVASGFTFSGYGMNWVRQAPGKGLQWVAGINSGGTTGYADAVKGRFTISRDNAKNTVYLQMNSLTAEDTAVYYCAKDPIPWVTSALGYWGQGTLVTVSSEGKSSGASG
T3.25.M13-27R,GGDDY,EVQLVESGGDLVKPGGSLRLSCVASGFTFSNYWMYWVRQAPGKGLQWVASINGDGSSTSYADAVKGRFTISRDNAKNTLFLQMNSLRAEDTAVYNCVKGGDDYWGPGTSLFVSSEGKSSGASGESKVDDAQSMLTQPASVSGSLGQKVTISCTGSSSNIDGNYVGW
T3.26.M13-27R,DPIPWVTSALGY,EVQLVESGGDLVKPAGSLRLSCVASGFTFSGYGMNWVRQAPGKGLQWVAGINSGGTTGYADAVKGRFTISRDNAKNTVYLQMNSLTAEDTAVYYCAKDPIPWVTSALGYWGQGTLVTVSSEGKSSGASGESKVDDASYVLTQLPSVSVHLGKTASITCEGNNIGDKYAHWYQQKPGQAPVLIINEDSKRPSGIPERFSGSNSGSTATLTISGALVEDEADYYCQV
T3.27.M13-27R,DPIPWVTSALGY,EVQLVESGGDLVKPAGSLRLSCVASGFTFSGYGMNWVRQAPGKGLQWVAGINSGGTTGYADAVKGRFTISRDNAKNTVYLQMNSLTAEDTAVYYCAKDPIPWVTSALGYWGQGTLVTVSSEGKSSGASGESKVDDASYVLTQLPSVSVHLGKTASITCEGNNIGDKYAHWYQQKPGQAPVLIINEDSKRPSGIPERFSGSNSGSTATLTISGALAEDEADYYCQVWDSSTRAAVFGGGTHLTVLG
T3.28.M13-27R,GGDDY,EVQLVESGGDLVKPGGSLRLSCVASGFTFSNYWMYWVRQAPGKGLQWVASINGDGSSTSYADAVKGRFTISRDNAKNTLFLQMNSLRAEDTAVYNCVKGGDDYWGPGTSLFVSSEGKSSGASGESKVDDAQSMLTQPASVSGSLGQKVTISCTGSSSNIGGNYVGWYQQLPGIGPRTVIYGNDYRPSGVPDRFSGSKSGSSATLTISGLQAEDEAEYYCSSWG*WSRRSCVRRRHPPDR
T3.29.M13-27R,GGDDY,EVQLVESGGDLVKPGGSLRLSCVASGFTFSNYWMYWVRQAPGKGLQWVASINGDGSSTSYADAVKGRFTISRDNAKNTLFLQMNSLRAEDTAVYNCVKGGDDYWGPGTSLFVSSEGKSSGASGESKVDDAQSMLTQPASVSGSLGQKVTISCTGSSSNIGGNYVGWYQQLPGIGPRTVIYGNDYRPSGVPDRFSGSKSGSSATLTISGLQADDEAEYYCSSWDDGLGGHVFGGGTHLTVLG
T3.30.M13-27R,DPIPWVTSALGY,EVQLVESGGDLVKPAGSLRLSCVASGFTFSGYGMNWVRQAPGKGLQWVAGINSGGTTGYADAVKGRFTISRDNAKNTVYLQMNSLTAEDTAVYYCAKDPIPWVTSALGYWGQGTLVTVSSEGKSSGASGESKVDDASYVLTQLPSVSVHLGKTASITCEGNNIGDKYAHWYQQKPGQAPVLIINEDSKRPSGIPERFSGSNSGSTATLTISGALAEDEADYYCQVWDSSTRAAVFGGGTHLTVLG
