Clone,CDRH3,VH,VL,o
31,EPSYVRHHTTGIDL,EVHLVESGGDLVKPGGSLRLSCVASGFTFIDYHMYWVRQAPGKGLQLVARITSDGITTDYGDAVKGRFTISRDDSKNTLYLQMSSLRAEDTAMYYCAKEPSYVRHHTTGIDLWGQGTLVTVSS,ASPGLNQPPSVSVSLGQTATISCSGESLSKYYAQWFQQKAGQAPVLVMYKDTERPSGIPDRFSGSSSGNTHTLTINGVRAEDEADYYCESEVNTGIVVFGGGTHLTVLG,o
33,DRVWGHRH,EVQLVESGGDLVKPGGSLRLSCVASGFTFSSHDMDWVRQAPGKGLQWLSEISGSGSRTAYADAVKGRFTISRDNAKNTVYLQMNSLRAEDTAVYHCASDRVWGHRHWGQGTLVTVSS,AQSMLTQPASVSGSLGQKVTISCTGSSSNIGGNYVGWYQQLPGIGPRTVIYGNNYRPSGVPDRFSGSKSGSSATLTISGLQAEDEAEYYCSSWDDSLRGAVFGGGTHLTVLG,o
34,DGSWHLGN,EVQLVESGGDMVKPGGSLRLSCVVSGFTFSSHSMQWVRQAPGKGLQHVAYINSGGTATHYADAVKGRFTISRDNAKNTVYLQMNSLRGEDTAVYYCAKDGSWHLGNWGQGTLVTVSS,AQSMLTQPESVSGSLGQKVTISCSGSSSNIGGNYVGWYQQLPGVGPRTVFYGTNHRPSGVPDRFFGSKSGSSATLTISGLQAEDEGDYYCSSWDDSLRRHVFGGGTHLTVLG,o
35,GGTFGYMLD,EVHLVESGGDLVKPAGSLRLSCVGSGFTFSTYDMSWVRQAPGKGLQWVASIHSTGSIITESDAVKGRFTISRDNAKNTVYLQMNNVRPEDTAVYYCTNGGTFGYMLDWGQGTLVTVSS,AQSVLTQPASVSGSLGQRVTLSCTGTTDNIGDDDSVHWYQQVPGKAPSLLIYNDDNRKSGVPERFSGSKSGNSATLTITGLQAEDEADYYCQSYDDSLNPVFGGGTHLTVLG,o
36,DRGTNIYGYPQFFDQ,EGQLAESGGDLVKPGESLRLSCVASGFTFSDYNMGWVRQAPGKGLEWVAWIYDLGGSTSYSDAVRGRFTISRDDAKNTVYLRMNDLRTEDTAVYYCVRDRGTNIYGYPQFFDQWGQGTLVTVSS,AQSMLTQPASVSGAPGQKVTISCSNIGGDYVGWYQQLPGIGPRTLIYSNNYRLSGVPDRFSGSKSGSSATLTISGLQTEDEADYYCSSWDDSLRAAVFGGGTHLTVLG,o
37,WGRGYTQGSV,ELQLVESGGDLVKPAESLRLSCVASGFTFSNHGMSWVRQAPGKGLQWVAGINSDGRTHYADAVKGRFTISRDNAKNTLYLQMNSLRAEDTAVYYCAEWGRGYTQGSVWGQGTLVTVSS,AQSMLTQPASVSGSLGQKVTISCTGSSSNIGGNYVGWYQQLPGKGPRTVIHGDNHRPSGVPDRFSGSKSGSSATLTISGLQAEDETEYYCSSWDDSLRGHLFGGGTQLTVLG,o
38,LGH,EVQLVESGGDLVKPAGSLRLSCVASGFPFSRYSMSWVRQAPGKGLQSVAHINADGSNTYYTDAVEGRFTISRDNAKNTVYLHMNSLRAEDTAIYYCKGLGHWGQGTLVTVSS,ASYELTQPTSVSGSLGQKVTISCTGSNSNIVHNYVGWYQQSPGKGPSTVIYGTHHRLSGVSDRFSGSKSGSSATLTISRLQAEDEADYYCSSWDDSLRGYVFGGGTHLTVLG,o
39,RSSWYYPVH,EVQLVESGGDLVKPGGSLRLSCVASGFTFRIHDMSWVRQAPGKGLQWVAGISHDGSTIKYTDAVKGRFTVSRDNARNTVYLQMNSLRAEDTATYYCAQRSSWYYPVHWGQGTLVTVSS,AQSMLTQPASVSGSLGQTVTISCTGSSSNIGGHYVDWYQQVPGSGPKTVIYGLHYRPSGVPSRFSGSKSGDSATLTISGLQPEDEADYYCSSWDASLGGHLFGGGTHLTVLG,o
40,AYDRHYGGSVFGH,EVQLVESGGDLVKPGGSLRLSCVASGFTFRSHDMSWVRQAPGKGLQWVATINRDGSSTKYADAVRGRFTISRDNANNSLYLQMMSLRVEDTAVYYCAKAYDRHYGGSVFGHWGQGTLVTVSS,AQSVLTQPTSMSGSLGQKVTISCTGSSSNIGSGYVGWYQQLPGTGPRTLIYSSSHRPSGVPDRFSGSRSGSTATLTISGLQAEDEADYYCSSYDRSFNGVVFGGGTHLTVLG,o
41,GGTFGYMLD,EVHLVESGGDLVKPAGSLRLSCVGSGFTFSTYDMSWVRQAPGKGLQWVASIHSTGSIITESDAVKGRFTISRDNAKNTVYLQMNNVRPEDTAVYYCTNGGTFGYMLDWGQGTLVTVSS,AQSVLTQPASVSGSLGQRVTLSCTGTTDNIGDDDSVHWYQQVPGKAPSLLIYNDDNRKSGVPERFSGSKSGNSATLTITGLQAEDEADYYCQSYDDSLNPVFGGGTHLTVLG,o
42,GGTFGYMLD,EVHLVESGGDLVKPAGSLRLSCVGSGFTFSTYDMSWVRQAPGKGLQWVASIHSTGSIITESDAVKGRFTISRDNAKNTVYLQMNNVRPEDTAVYYCTNGGTFGYMLDWGQGTLVTVSS,AQSVLTQPASVSGSLGQRVTLSCTGTTDNIGDDDSVHWYQQVPGKAPSLLIYNDDNRKSGVPERFSGSKSGNSATLTITGLQAEDEADYYCQSYDDSLNPVFGGGTHLTVLG,o
43,GRWSNLEY,EVQLVESGGDLVKPGGSLRLSCVASGFTFSSHNMQWVRQAPGKGLQWVAYINSGGSRTQYADAVKGRFTISRDNAKNTLYLQMNSLRAEDTAVYYCAKGRWSNLEYWGQGTLVTVSS,ASPGLNQPASVSGSLGQKVTITCTGSSSNIGVNHVAWYRQLPGFGPTTVIHNNHHRPSGVPNRFSASKSGSSATLTISGLQAEDEADYYCSSWDDSLRGIVFGGGTHLTVLG,o
44,GGTFGYMLD,EVHLVESGGDLVKPAGSLRLSCVGSGFTFSTYDMSWVRQAPGKGLQWVASIHSTGSIITESDAVKGRFTISRDNAKNTVYLQMNNVRPEDTAVYYCTNGGTFGYMLDWGQGTLVTVSS,AQSVLTQPASVSGSLGQRVTLSCTGTTDNIGDDDSVHWYQQVPGKAPSLLIYNDDNRKSGVPERFSGSKSGNSATLTITGLQAEDEADYYCQSYDDSLNPVFGGGTHLTVLG,o
45,TQMHAACGH,EVQLVESGGDLVKPGGSLRLSCVASGFTFSSHYMYWVRQAPGKGLQWVARISDDGRTTHYADAVKGRFTISRDNAKNTLYLEMNGLRADDTAMYYCAKTQMHAACGHWGQGTLVTVSS,ASYVLSQPPSVTVTPRQTARLTCGGDRIGSKSVEWYQQKAGQSPVLIIYGGSSRPSGIPERFSGANSGNTATLTISGALAEDEADYFCQVWDKRAIVFGGGTHLTVLG,o
46,DRVWGHRH,EVQLVESGGDLVKPGGSLRLSCVASGFTFSSHDMDWVRQAPGKGLQWLSEISGSGSRTAYADAVKGRFTISRDNAKNTVYLQMNSLRAEDTAVYHCASDRVWGHRHWGQGTLVTVSS,AQSMLTQPASVSGSLGQKVTISCTGSSSNIGGNYVGWYQQLPGIGPRTVIYGNNYRPSGVPDRFSGSKSGSSATLTISGLQAEDEAEYYCSSWDDSLRGAVFGGGTHLTVLG,o
48,DRVWGHRH,EVQLVESGGDLVKPGGSLRLSCVASGFTFSSHDMDWVRQAPGKGLQWLSEISGSGSRTAYADAVKGRFTISRDNAKNTVYLQMNSLRAEDTAVYHCASDRVWGHRHWGQGTLVTVSS,AQSMLTQPASVSGSLGQKVTISCTGSSSNIGGNYVGWYQQLPGIGPRTVIYGNNYRPSGVPDRFSGSKSGSSATLTISGLQAEDEAEYYCSSWDDSLRGAVFGGGTHLTVLG,o
49,AHQAGWDYNSYEANFDY,EVHLVESGGDLVKPGGSLRLSCVASGFTFSRHGMSWVRQTPEKGLQLVAGINSGGYKTYYTDAVKGRFTISRDNAENTLYLQMNSLRAEDTAMYYCAKAHQAGWDYNSYEANFDYWGQGTLVTVSS,AQSVLTQPTSVSGSLGQRVTIPCSGSTNNIGIIGASWYQHLPGKAPKLLVYGNGDRPSGVPDRFSGSNSGNSATLTITGLQAEDEADYYCQSFDTTLALLGGGTHLTVLG,o
50,GGTFGYMLD,EVHLVESGGDLVKPAGSLRLSCVGSGFTFSTYDMSWVRQAPGKGLQWVASIHSTGSIITESDAVKGRFTISRDNAKNTVYLQMNNVRPEDTAVYYCTNGGTFGYMLDWGQGTLVTVSS,AQSVLTQPASVSGSLGQRVTLSCTGTTDNIGDDDSVHWYQQVPGKAPSLLIYNDDNRKSGVPERFSGSKSGNSATLTITGLQAEDEADYYCQSYDDSLNPVFGGGTHLTVLG,o
51,RRSGGGGNFDY,EVQLVESGGDLVKPGGSLRLSCVASGFTFSRHHMSWVRQAPGKGLQWVADINSAGSSARYADAVKGRFTISRDNAKKTLYLQMNSLRAEDTAVYYCATRRSGGGGNFDYWGQGTLVTVSS,ASSVLTQPPSVSVSLGQTATISCSGESLNEYYTQWFQQKAGQVPVLIIYKDTERPSGIPDRFSGSSSGNTHTLTISGARAEDEADYYCESEVNTGTPTWVFGEGTHLTVLG,o
53,TSRYARGWNVDH,EVQLVESGGDLVKPGGPLRLSCVASGFTFRNYDMIWVRQGPGKGLQLVAGISHSGGDTYYADAVKGRFTVSRDNAKNTVFLQMNSLRDEDTARYYCAKTSRYARGWNVDHWGQGTLVTVSS,AQSVLTQPASVSGSLGQKVTITCTGSSSNIGVNHVAWYRQLPGFGPTTVIHNNHHRPSGVPNRFSASKSGSSATLTISGLQAEDEADYYCSSWDDSLRLAVFGGGTQLTVLG,o
54,WGRGYTQGSV,ELQLVESGGDLVKPAESLRLSCVASGFTFSNHGMSWVRQAPGKGLQWVAGINSDGRTHYADAVKGRFTISRDNAKNTLYLQMNSLRAEDTAVYYCAEWGRGYTQGSVWGQGTLVTVSS,AQSMLTQPASVSGSLGQKVTISCTGSSSNIGGNYVGWYQQLPGKGPRTVIHGDNHRPSGVPDRFSGSKSGSSATLTISGLQAEDETEYYCSSWDDSLRGHLFGGGTQLTVLG,o
55,RSSWYYPVH,EEQLVESGGDLVKPGGSLRLSCVASGFTFRIHDMSWVRQAPGKGLQWVAGISHDGSTIKYTDAVKGRFTVSRDNARNTVYLQMNSLRAEDTATYYCAQRSSWYYPVHWGQGTLVTVSS,AQSVLTQPASVTGSLGQRVTISCTGSRSNIGINYVGWYQQRTGRGPTTVIYTNTHRPSGVPDRFSGSKSGSSATLTISGLQAEDEADYYCSAWDDSLGHIVFGGGTHLTVLG,o
56,HPLPARKQLAEAFAH,EVQLVESGGDLVKPGGSLRLACVASGFTFSSHGMSWVRQSPGKGLQWVADITSNGRTYYADAVKGRFTISRDNVRDTLYLQMSGLRVEDTAVYYCANHPLPARKQLAEAFAHWGQGTLVTVSS,AQYMLTQPASVSGSLGQRVTISCAGSDSNVGRDYVGWYRVLPGTRPKTLIKGRDGRPSGVPDRFSGTRSGNTATLTISGLQPEDEADYYCSSWDNSLKVIMFGGGTHLTVLG,o
57,DRVWGHRH,EVQLVESGGDLVKPGGSLRLSCVASGFTFSSHDMDWVRQAPGKGLQWLSEISGSGSRTAYADAVKGRFTISRDNAKNTVYLQMNSLRAEDTAVYHCASDRVWGHRHWGQGTLVTVSS,AQSMLTQPASVSGSLGQKVTISCTGSSSNIGGNYVGWYQQLPGIGPRTVIYGNNYRPSGVPDRFSGSKSGSSATLTISGLQAEDEAEYYCSSWDDSLRGAVFGGGTHLTVLG,o
58,DRGTNIYGYPQFFDQ,EGQLAESGGDLVKPGESLRLSCVASGFTFSDYNMGWVRQAPGKGLEWVAWIYDLGGSTSYSDAVRGRFTISRDDAKNTVYLRMNDLRTEDTAVYYCVRDRGTNIYGYPQFFDQWGQGTLVTVSS,AQSMLTQPASVSGAPGQKVTISCSNIGGDYVGWYQQLPGIGPRTLIYSNNYRLSGVPDRFSGSKSGSSATLTISGLQTEDEADYYCSSWDDSLRAAVFGGGTHLTVLG,o
60,EPTSRGSLEY,EVQLVESGGDLVKPGGSLRLSCVASGFTFSSYHMSWVRQAPGKGLQWVASVSSGGTYTSHADAVKGRFTVSRDNARNTLYLQMNSLRAEDTAVYYCAKEPTSRGSLEYWGQGTLVTVSS,AQSMLTQPASVSGSLGQKVTISCTGSSSNIGGHHVGWYQQVPGMGPRTVIYGDNHRPSGVPDRFSGSKSGDSATLTISGLQAEDEADYYCSSWDGSLRNGVFGGGTHLTVLG,o
61,HPLPARKQLAEAFAH,EVQLVESGGDLVKPGGSLRLACVASGFTFSSHGMSWVRQSPGKGLQWVADITSNGRTYYADAVKGRFTISRDNVRDTLYLQMSGLRVEDTAVYYCANHPLPARKQLAEAFAHWGQGTLVTVSS,AQYMLTQPASVSGSLGQRVTISCAGSDSNVGRDYVGWYRVLPGTRPKTLIKGRDGRPSGVPDRFSGTRSGNTATLTISGLQPEDEADYYCSSWDNSLKVIMFGGGTHLTVLG,o
62,SHMAVGLGH,EVQLVESGGDLVKPGGSLRLSCVASGFIFSNHYMYWVRQAPGKGLQWVARISHDGINTDYADAVKGRFTISRDNAKNTLYLEMNSLRVEDTAMYFCAKSHMAVGLGHWGQGTLVTVSS,ASPGLNQPPSVSVSLGQTATISCSGDSLNRYYTQWFQQKAGQVPVLVIDKDTERPSGIPDRFSGSSSGSTHTLTISGARADDEADYYCESEVSVGTGVFGGGTHLTVLG,o
63,GGTFGYMLD,EVHLVESGGDLVKPAGSLRLSCVGSGFTFSTYDMSWVRQAPGKGLQWVASIHSTGSIITESDAVKGRFTISRDNAKNTVYLQMNNVRPEDTAVYYCTNGGTFGYMLDWGQGTLVTVSS,AQSVLTQPASVSGSLGQRVTLSCTGTTDNIGDDDSVHWYQQVPGKAPSLLIYNDDNRKSGVPERFSGSKSGNSATLTITGLQAEDEADYYCQSYDDSLNPVFGGGTHLTVLG,o
64,EGMWIPIDY,EVQLVESGGDLVKPAGSLRLSCVASGFTFSSYDMSWVRQAPGKGLQWVAGINSGGSGTSYADAVKGRFTISRDNAKNTMYLQMNSLRAEDTAVYYCAKEGMWIPIDYWGQGTLVTVSS,ASYELTQPTSVSGSLGQRVTISCSGNTNNIGIVGASWYQQYPEKAPKLLVYNNGNRPSGVPDRFSGSNSGNSATLTITGLQAEDEADYYCQSFDTTLDAVFGGGTHLTVLG,o
65,GAHHNLNY,EVQLVESGGDLVKPGGSLRLSCVASGFTFSHHSMYWVRQAPGKRLQWVAGISNDGSSTYYPQAVKGRFTISRDNAKNTVYLEMNSLRAEDSAVYYCAIGAHHNLNYWGQGTLVTVSS,AQSMLTQPTSVSGSLGQRVTISCSGSTNNIGIVGASWYQQLPGKAPKVLVYSVGDRPSGVPDRFSGSNSGNSATLTITGLQAEDEADYYCQSSDTTLGAAVFGGGTHLTVLG,o
66,GAHHNLNY,EVQLVESGGDLVKPGGSLRLSCVASGFTFSHHSMYWVRQAPGKRLQWVAGISNDGSSTYYPQAVKGRFTISRDNAKNTVYLEMNSLRAEDSAVYYCAIGAHHNLNYWGQGTLVTVSS,AQSMLTQPTSVSGSLGQRVTISCSGSTNNIGIVGASWYQQLPGKAPKVLVYSVGDRPSGVPDRFSGSNSGNSATLTITGLQAEDEADYYCQSSDTTLGAAVFGGGTHLTVLG,o
67,GRWSNLEY,EVQLVESGGDLVKPGGSLRLSCVASGFTFSSHNMQWVRQAPGKGLQWVAYINSGGSRTQYADAVKGRFTISRDNAKNTLYLQMNSLRAEDTAVYYCAKGRWSNLEYWGQGTLVTVSS,ASPGLNQPASVSGSLGQKVTITCTGSSSNIGVNHVAWYRQLPGFGPTTVIHNNHHRPSGVPNRFSASKSGSSATLTISGLQAEDEADYYCSSWDDSLRGIVFGGGTHLTVLG,o
68,ESVHGYIYGYRDY,EVQLVESGGDLVKPGGSLRLSCVASGFTFSRHHMSWVRQAPGKGLQWVAYINSDGSSTQYADAVKGRFSISRDNAKNTLYLQMNSLRAEDTAVYFCASESVHGYIYGYRDYWGQGTLVTVSS,AQSMLTQPASVSGSLGQKVTIPCTGDNSNIGSNYVAWYQQVPGIGPRNVIYGNSHRPSGVPDRFSGSKSGRSATLTISGLQPEDEADYYCASWDDSLRSHVFGGGTHLTVLG,o
69,GGTFGYMLD,EVHLVESGGDLVKPAGSLRLSCVGSGFTFSTYDMSWVRQAPGKGLQWVASIHSTGSIITESDAVKGRFTISRDNAKNTVYLQMNNVRPEDTAVYYCTNGGTFGYMLDWGQGTLVTVSS,AQSVLTQPASVSGSLGQRVTLSCTGTTDNIGDDDSVHWYQQVPGKAPSLLIYNDDNRKSGVPERFSGSKSGNSATLTITGLQAEDEADYYCQSYDDSLNPVFGGGTHLTVLG,o
71,GGHSDNYYLGYNLEY,EMQLVESGGDLVKPGGTLRLSCVASGFTFSSYDMSWVRQSPGKGLQWVAGIISSGNHANYADAVKGRFTISRDNAKNTLYLQMDSLRAEDTAVYYCAKGGHSDNYYLGYNLEYWGQGTLVTVSS,ASYVLTQPPSVSVSLGQTATISCSGESLSKYYVQWFQQKAGQVPVLVIYKDTERPSGIPDRFSGSSSGNTNTLTISGARAEDEADYYCESAVSSNIGVFGGGTHLTVLG,o
72,DRGTNIYGYPQFFDQ,EVQLVESGGDLVKPGESLRLSCVASGFTFSDYNMGWVRQAPGKGLEWVAWIYDLGGSTSYSDAVRGRFTISRDDAKNTVYLRMNDLRTEDTAVYYCVRDRGTNIYGYPQFFDQWGQGTLVTVSS,AQSMLTQPASVSGSLGQRITISCTGSSSNIGTYNVGWYQQLPGRGPRTVIYSRNSRPSGVPDRFSGSKSGSTATLTISGLQAEDEADYYCSTWDHSFDVAVFGGGTHLTVLG,o
73, DRGTNIYGYPQFFDQ,EGQLAESGGDLVKPGESLRLSCVASGFTFSDYNMGWVRQAPGKGLEWVAWIYDLGGSTSYSDAVRGRFTISRDDAKNTVYLRMNDLRTEDTAVYYCVRDRGTNIYGYPQFFDQWGQGTLVTVSS,AQSMLTQPASVSGAPGQKVTISCSNIGGDYVGWYQQLPGIGPRTLIYSNNYRLSGVPDRFSGSKSGSSATLTISGLQTEDEADYYCSSWDDSLRAAVFGGGTHLTVLG,o
74,EPTSRGSLEY,EVQLVESGGDLVKPGGSLRLSCVASGFTFSSYHMSWVRQAPGKGLQWVASVSSGGTYTSHADAVKGRFTVSRDNARNTLYLQMNSLRAEDTAVYYCAKEPTSRGSLEYWGQGTLVTVSS,AQSMLTQPASVSGSLGQKVTISCTGSSSNIGGHHVGWYQQVPGMGPRTVIYGDNHRPSGVPDRFSGSKSGDSATLTISGLQAEDEADYYCSSWDGSLRNGVFGGGTHLTVLG,o
75,DRGTNIYGYPQFFDQ,EGQLAESGGDLVKPGESLRLSCVASGFTFSDYNMGWVRQAPGKGLEWVAWIYDLGGSTSYSDAVRGRFTISRDDAKNTVYLRMNDLRTEDTAVYYCVRDRGTNIYGYPQFFDQWGQGTLVTVSS,AQSMLTQPASVSGAPGQKVTISCSNIGGDYVGWYQQLPGIGPRTLIYSNNYRLSGVPDRFSGSKSGSSATLTISGLQTEDEADYYCSSWDDSLRAAVFGGGTHLTVLG,o
77,GRGSPSH,EVQLVESGGDLVKPGGSLKLSCVASGFHFRSYGLTWVRQSPGRGLQWVADITSHGDTHYADAVKGRFTISRDNAKNTLYLQMDNLRAEDTAVYYCGNGRGSPSHWGQGTLVTVSS,ALPVLTQPPSVSVSLGQTATISCSGESLSEYYAQWFQQKAGQVPVLVIYKDTERPSGIPDRFSGSSSGNTHTLTISGARAEDEADYYCESEVATGTPIFGGGTHLTVLG,o
78,GAHHNLNY,EVQLVESGGDLVKPGGSLRLSCVASGFTFSHHSMYWVRQAPGKRLQWVAGISNDGSSTYYPQAVKGRFTISRDNAKNTVYLEMNSLRAEDSAVYYCAIGAHHNLNYWGQGTLVTVSS,AQSMLTQPTSVSGSLGQRVTISCSGSTNNIGIVGASWYQQLPGKAPKVLVYSVGDRPSGVPDRFSGSNSGNSATLTITGLQAEDEADYYCQSSDTTLGAAVFGGGTHLTVLG,o
79,GRWSNLEY,EVQLVESGGDLVKPGGSLRLSCVASGFTFSSHNMQWVRQAPGKGLQWVAYINSGGSRTQYADAVKGRFTISRDNAKNTLYLQMNSLRAEDTAVYYCAKGRWSNLEYWGQGTLVTVSS,ASPGLNQPASVSGSLGQKVTITCTGSSSNIGVNHVAWYRQLPGFGPTTVIHNNHHRPSGVPNRFSASKSGSSATLTISGLQAEDEADYYCSSWDDSLRGIVFGGGTHLTVLG,o
80,DRVWGHRH,EVQLVESGGDLVKPGGSLRLSCVASGFTFSSHDMDWVRQAPGKGLQWLSEISGSGSRTAYADAVKGRFTISRDNAKNTVYLQMNSLRAEDTAVYHCASDRVWGHRHWGQGTLVTVSS,AQSMLTQPASVSGSLGQKVTISCTGSSSNIGGNYVGWYQQLPGIGPRTVIYGNNYRPSGVPDRFSGSKSGSSATLTISGLQAEDEAEYYCSSWDDSLRGAVFGGGTHLTVLG,o
81,EPTSRGSLEY,EVQLVESGGDLVKPGGSLRLSCVASGFTFSSYHMSWVRQAPGKGLQWVASVSSGGTYTSHADAVKGRFTVSRDNARNTLYLQMNSLRAEDTAVYYCAKEPTSRGSLEYWGQGTLVTVSS,AQSMLTQPASVSGSLGQKVTISCTGSSSNIGGHHVGWYQQVPGMGPRTVIYGDNHRPSGVPDRFSGSKSGDSATLTISGLQAEDEADYYCSSWDGSLRNGVFGGGTHLTVLG,o
83,TQMHAACGH,EVQLVESGGDLVKPGGSLRLSCVASGFTFSSHYMYWVRQAPGKGLQWVARISDDGRTTHYADAVKGRFTISRDNAKNTLYLEMNGLRADDTAMYYCAKTQMHAACGHWGQGTLVTVSS,ASYVLSQPPSVTVTPRQTARLTCGGDRIGSKSVEWYQQKAGQSPVLIIYGGSSRPSGIPERFSGANSGNTATLTISGALAEDEADYFCQVWDKRAIVFGGGTHLTVLG,o
86,DGSWHLGN,EVQLVESGGDMVKPGGSLRLSCVVSGFTFSSHSMQWVRQAPGKGLQHVAYINSGGTATHYADAVKGRFTISRDNAKNTVYLQMNSLRGEDTAVYYCAKDGSWHLGNWGQGTLVTVSS,AQSMLTQPESVSGSLGQKVTISCSGSSSNIGGNYVGWYQQLPGVGPRTVFYGTNHRPSGVPDRFFGSKSGSSATLTISGLQAEDEGDYYCSSWDDSLRRHVFGGGTHLTVLG,o
87,TQMHAACGH,EVQLVESGGDLVKPGGSLRLSCVASGFTFSSHYMYWVRQAPGKGLQWVARISDDGRTTHYADAVKGRFTISRDNAKNTLYLEMNGLRADDTAMYYCAKTQMHAACGHWGQGTLVTVSS,ASYVLSQPPSVTVTPRQTARLTCGGDRIGSKSVEWYQQKAGQSPVLIIYGGSSRPSGIPERFSGANSGNTATLTISGALAEDEADYFCHVWDKRAIVFGGGTHLTVLG,o
88,EEINERKRGLFTHYYGHFDH,EVQLVESGGDLVKPGGSLRLSCVASGFTFSSKWMSWVRQAPGGGLQRVAAINSRGDAFYPDFVKGRFTISRDNAKNTVYLQMNDLTDADTAVYYCAKEEINERKRGLFTHYYGHFDHWGQGTLVTVSS,AQSVLTQPASVSGSLGQRVTISCTGGSSNIAYHSVGWFQQVPGKGPRTVIYSDSNRPSGVPDRFSASKSGNTATLTISGLQAEDEADYYCSTYDSELSSVFGGGTHLTVLG,o
89,EGKYGYVSIDH,EVHLVESGGDLVKPGESLRLSCVASGFTFSSHAMSWVRQSPGKPLQWVAAISNSGRTHHEDAVKGRFTISRDNAKNTVYLQLSSLRVDDTAVYYCAKEGKYGYVSIDHWGQGTLVTVSS,AQSMLTQPASVSGSLGQKVTISCTGSSSNIGGNSVGWYQQVPGIGPRTVIYGNNHRPSGVPDRFSGSKSGSSATLTISGLQPEDEAEYYCSSWDDSLRGHVFGGGTHLTVLG,o
90,GGYHH,EVQLVESGGDLVKPGKSLRLSCVASGFNFNNFHMSWVRQAPGKGLQWVAYINSGGSATSYADAVRGRFTISRDNANNTLYLHMNSLRAEDTAVYYCAKGGYHHWGQGTLVTVSS,ASYVLSQPPSATVTLRQTARLTCGGDSIGSKSVEWYQQKPGQSPVLIIYRDTTRPSGIPERFSGANSGNTATLTISGALAEDEADYYCQVWDSSTNVFGGGTHLTVLG,o
